--
-- File generated with SQLiteStudio v3.2.1 on mar jul 31 13:16:26 2018
--
-- Text encoding used: UTF-8
--
PRAGMA foreign_keys = off;
BEGIN TRANSACTION;

-- Table: driver
CREATE TABLE driver (id INTEGER PRIMARY KEY UNIQUE NOT NULL, name VARCHAR (255) NOT NULL, is_ranked BOOLEAN NOT NULL, type INTEGER NOT NULL);
INSERT INTO driver (id, name, is_ranked, type) VALUES (1, 'Impact Category', 0, -1);
INSERT INTO driver (id, name, is_ranked, type) VALUES (2, 'Impact Type', 0, -1);
INSERT INTO driver (id, name, is_ranked, type) VALUES (3, 'Program', 0, -1);
INSERT INTO driver (id, name, is_ranked, type) VALUES (4, 'Subprogram', 0, -1);
INSERT INTO driver (id, name, is_ranked, type) VALUES (5, 'General Impact', 1, 3);
INSERT INTO driver (id, name, is_ranked, type) VALUES (6, 'Usage', 1, 1);
INSERT INTO driver (id, name, is_ranked, type) VALUES (7, 'Expectations', 1, 2);
INSERT INTO driver (id, name, is_ranked, type) VALUES (8, 'Changes', 1, 1);
INSERT INTO driver (id, name, is_ranked, type) VALUES (9, 'Target Value', 1, 2);
INSERT INTO driver (id, name, is_ranked, type) VALUES (10, 'Target importance', 1, 3);
INSERT INTO driver (id, name, is_ranked, type) VALUES (11, 'Catastrophe feasibility', 1, 3);
INSERT INTO driver (id, name, is_ranked, type) VALUES (12, 'Richness chance', 1, 3);

-- Table: project
CREATE TABLE project (id INTEGER PRIMARY KEY UNIQUE NOT NULL, bbva_uuid VARCHAR (255) NOT NULL, name VARCHAR (255) NOT NULL, completed BOOLEAN);
INSERT INTO project (id, bbva_uuid, name, completed) VALUES (1, '0001 - Domain 001', 'We will be rich', 0);
INSERT INTO project (id, bbva_uuid, name, completed) VALUES (2, '0002 - Domain 001', 'Richer than Cressus', 0);
INSERT INTO project (id, bbva_uuid, name, completed) VALUES (3, '0003 - Domain 001', 'Richer than Midas', 0);
INSERT INTO project (id, bbva_uuid, name, completed) VALUES (4, '0004 - Domain 001', 'Wealthier than Trump', 0);
INSERT INTO project (id, bbva_uuid, name, completed) VALUES (5, '0005 - Domain 001', 'Let the proles eat cake', 0);
INSERT INTO project (id, bbva_uuid, name, completed) VALUES (6, '0006 - Domain 001', 'We had it in 2008', 0);
INSERT INTO project (id, bbva_uuid, name, completed) VALUES (7, '0007 - Domain 001', 'And we will again... soon', 0);
INSERT INTO project (id, bbva_uuid, name, completed) VALUES (8, '0008 - Domain 001', 'World population controlled', 0);
INSERT INTO project (id, bbva_uuid, name, completed) VALUES (9, '0009 - Domain 001', 'Docile and obedient', 0);
INSERT INTO project (id, bbva_uuid, name, completed) VALUES (10, '0010 - Domain 001', 'We as masters will control', 0);
INSERT INTO project (id, bbva_uuid, name, completed) VALUES (11, 'MASTERPHRASE', 'Dont care who makes laws...', 1);
INSERT INTO project (id, bbva_uuid, name, completed) VALUES (12, 'MASTERPHRASE II', '.. as long as i make the money', 1);

-- Table: project_driver
CREATE TABLE project_driver (id_driver INTEGER NOT NULL REFERENCES driver (id), id_project INTEGER NOT NULL REFERENCES project (id), value VARCHAR (255));
INSERT INTO project_driver (id_driver, id_project, value) VALUES (1, 1, '2GSdgJr6xfdU');
INSERT INTO project_driver (id_driver, id_project, value) VALUES (2, 1, '73CHL8C4bcld');
INSERT INTO project_driver (id_driver, id_project, value) VALUES (3, 1, 'z1dQAKamsabm');
INSERT INTO project_driver (id_driver, id_project, value) VALUES (4, 1, '31gGfBCO9fIe');
INSERT INTO project_driver (id_driver, id_project, value) VALUES (5, 1, '3');
INSERT INTO project_driver (id_driver, id_project, value) VALUES (6, 1, '1');
INSERT INTO project_driver (id_driver, id_project, value) VALUES (7, 1, '1');
INSERT INTO project_driver (id_driver, id_project, value) VALUES (8, 1, '0');
INSERT INTO project_driver (id_driver, id_project, value) VALUES (9, 1, '1');
INSERT INTO project_driver (id_driver, id_project, value) VALUES (10, 1, '5');
INSERT INTO project_driver (id_driver, id_project, value) VALUES (11, 1, '4');
INSERT INTO project_driver (id_driver, id_project, value) VALUES (12, 1, '2');
INSERT INTO project_driver (id_driver, id_project, value) VALUES (1, 2, 'g4GHEpFtHxqY');
INSERT INTO project_driver (id_driver, id_project, value) VALUES (2, 2, 'cLU7Wn7RvxeY');
INSERT INTO project_driver (id_driver, id_project, value) VALUES (3, 2, 'Iev5DkER5daO');
INSERT INTO project_driver (id_driver, id_project, value) VALUES (4, 2, 'xg8LCre0bd4G');
INSERT INTO project_driver (id_driver, id_project, value) VALUES (5, 2, '3');
INSERT INTO project_driver (id_driver, id_project, value) VALUES (6, 2, '1');
INSERT INTO project_driver (id_driver, id_project, value) VALUES (7, 2, '1');
INSERT INTO project_driver (id_driver, id_project, value) VALUES (8, 2, '0');
INSERT INTO project_driver (id_driver, id_project, value) VALUES (9, 2, '1');
INSERT INTO project_driver (id_driver, id_project, value) VALUES (10, 2, '2');
INSERT INTO project_driver (id_driver, id_project, value) VALUES (11, 2, '4');
INSERT INTO project_driver (id_driver, id_project, value) VALUES (12, 2, '3');
INSERT INTO project_driver (id_driver, id_project, value) VALUES (1, 3, 'IHoGiNzEUbDt');
INSERT INTO project_driver (id_driver, id_project, value) VALUES (2, 3, '4rQc6055Bo22');
INSERT INTO project_driver (id_driver, id_project, value) VALUES (3, 3, 'YbGCDkBjlG9N');
INSERT INTO project_driver (id_driver, id_project, value) VALUES (4, 3, 'rlvDLtn4xKgT');
INSERT INTO project_driver (id_driver, id_project, value) VALUES (5, 3, '3');
INSERT INTO project_driver (id_driver, id_project, value) VALUES (6, 3, '0');
INSERT INTO project_driver (id_driver, id_project, value) VALUES (7, 3, '3');
INSERT INTO project_driver (id_driver, id_project, value) VALUES (8, 3, '1');
INSERT INTO project_driver (id_driver, id_project, value) VALUES (9, 3, '2');
INSERT INTO project_driver (id_driver, id_project, value) VALUES (10, 3, '2');
INSERT INTO project_driver (id_driver, id_project, value) VALUES (11, 3, '3');
INSERT INTO project_driver (id_driver, id_project, value) VALUES (12, 3, '1');
INSERT INTO project_driver (id_driver, id_project, value) VALUES (1, 4, 'qtQNhXaCivKf');
INSERT INTO project_driver (id_driver, id_project, value) VALUES (2, 4, 'NvG4Fy4XjjVn');
INSERT INTO project_driver (id_driver, id_project, value) VALUES (3, 4, 'lUdcw3IGlRXm');
INSERT INTO project_driver (id_driver, id_project, value) VALUES (4, 4, 'sGUeB6r4h93k');
INSERT INTO project_driver (id_driver, id_project, value) VALUES (5, 4, '1');
INSERT INTO project_driver (id_driver, id_project, value) VALUES (6, 4, '0');
INSERT INTO project_driver (id_driver, id_project, value) VALUES (7, 4, '1');
INSERT INTO project_driver (id_driver, id_project, value) VALUES (8, 4, '1');
INSERT INTO project_driver (id_driver, id_project, value) VALUES (9, 4, '1');
INSERT INTO project_driver (id_driver, id_project, value) VALUES (10, 4, '1');
INSERT INTO project_driver (id_driver, id_project, value) VALUES (11, 4, '4');
INSERT INTO project_driver (id_driver, id_project, value) VALUES (12, 4, '2');
INSERT INTO project_driver (id_driver, id_project, value) VALUES (1, 5, 'GIeeqGRvTrzf');
INSERT INTO project_driver (id_driver, id_project, value) VALUES (2, 5, 'dEriZlNjmvE8');
INSERT INTO project_driver (id_driver, id_project, value) VALUES (3, 5, 'lxGgdnAIapM5');
INSERT INTO project_driver (id_driver, id_project, value) VALUES (4, 5, 'uWzJkcxRu6Lv');
INSERT INTO project_driver (id_driver, id_project, value) VALUES (5, 5, '2');
INSERT INTO project_driver (id_driver, id_project, value) VALUES (6, 5, '0');
INSERT INTO project_driver (id_driver, id_project, value) VALUES (7, 5, '1');
INSERT INTO project_driver (id_driver, id_project, value) VALUES (8, 5, '1');
INSERT INTO project_driver (id_driver, id_project, value) VALUES (9, 5, '3');
INSERT INTO project_driver (id_driver, id_project, value) VALUES (10, 5, '3');
INSERT INTO project_driver (id_driver, id_project, value) VALUES (11, 5, '2');
INSERT INTO project_driver (id_driver, id_project, value) VALUES (12, 5, '3');
INSERT INTO project_driver (id_driver, id_project, value) VALUES (1, 6, 'Zi3kytdRGwkH');
INSERT INTO project_driver (id_driver, id_project, value) VALUES (2, 6, 'mkRmjm0glSqq');
INSERT INTO project_driver (id_driver, id_project, value) VALUES (3, 6, 'HPkkSxvgjibC');
INSERT INTO project_driver (id_driver, id_project, value) VALUES (4, 6, 'rk6TKiAPa73j');
INSERT INTO project_driver (id_driver, id_project, value) VALUES (5, 6, '4');
INSERT INTO project_driver (id_driver, id_project, value) VALUES (6, 6, '0');
INSERT INTO project_driver (id_driver, id_project, value) VALUES (7, 6, '3');
INSERT INTO project_driver (id_driver, id_project, value) VALUES (8, 6, '0');
INSERT INTO project_driver (id_driver, id_project, value) VALUES (9, 6, '1');
INSERT INTO project_driver (id_driver, id_project, value) VALUES (10, 6, '4');
INSERT INTO project_driver (id_driver, id_project, value) VALUES (11, 6, '2');
INSERT INTO project_driver (id_driver, id_project, value) VALUES (12, 6, '3');
INSERT INTO project_driver (id_driver, id_project, value) VALUES (1, 7, 'rpDpbkkvDYhx');
INSERT INTO project_driver (id_driver, id_project, value) VALUES (2, 7, 'gmr4vJjploZV');
INSERT INTO project_driver (id_driver, id_project, value) VALUES (3, 7, 'pV6FnelUw939');
INSERT INTO project_driver (id_driver, id_project, value) VALUES (4, 7, '2Lglz3YUcUsu');
INSERT INTO project_driver (id_driver, id_project, value) VALUES (5, 7, '4');
INSERT INTO project_driver (id_driver, id_project, value) VALUES (6, 7, '1');
INSERT INTO project_driver (id_driver, id_project, value) VALUES (7, 7, '2');
INSERT INTO project_driver (id_driver, id_project, value) VALUES (8, 7, '0');
INSERT INTO project_driver (id_driver, id_project, value) VALUES (9, 7, '3');
INSERT INTO project_driver (id_driver, id_project, value) VALUES (10, 7, '3');
INSERT INTO project_driver (id_driver, id_project, value) VALUES (11, 7, '3');
INSERT INTO project_driver (id_driver, id_project, value) VALUES (12, 7, '1');
INSERT INTO project_driver (id_driver, id_project, value) VALUES (1, 8, '5xB0u1EIiNDt');
INSERT INTO project_driver (id_driver, id_project, value) VALUES (2, 8, 'St8yc3LuR0Dx');
INSERT INTO project_driver (id_driver, id_project, value) VALUES (3, 8, 'UQc8LOIjy5pU');
INSERT INTO project_driver (id_driver, id_project, value) VALUES (4, 8, 'N4vZ7NBgm8SN');
INSERT INTO project_driver (id_driver, id_project, value) VALUES (5, 8, '5');
INSERT INTO project_driver (id_driver, id_project, value) VALUES (6, 8, '1');
INSERT INTO project_driver (id_driver, id_project, value) VALUES (7, 8, '3');
INSERT INTO project_driver (id_driver, id_project, value) VALUES (8, 8, '0');
INSERT INTO project_driver (id_driver, id_project, value) VALUES (9, 8, '1');
INSERT INTO project_driver (id_driver, id_project, value) VALUES (10, 8, '4');
INSERT INTO project_driver (id_driver, id_project, value) VALUES (11, 8, '5');
INSERT INTO project_driver (id_driver, id_project, value) VALUES (12, 8, '4');
INSERT INTO project_driver (id_driver, id_project, value) VALUES (1, 9, '66346hFwEwZG');
INSERT INTO project_driver (id_driver, id_project, value) VALUES (2, 9, 'BJUAlZdY9ACa');
INSERT INTO project_driver (id_driver, id_project, value) VALUES (3, 9, 'YN5gCtZI9jxp');
INSERT INTO project_driver (id_driver, id_project, value) VALUES (4, 9, 'lXksY7yekZW2');
INSERT INTO project_driver (id_driver, id_project, value) VALUES (5, 9, '5');
INSERT INTO project_driver (id_driver, id_project, value) VALUES (6, 9, '0');
INSERT INTO project_driver (id_driver, id_project, value) VALUES (7, 9, '3');
INSERT INTO project_driver (id_driver, id_project, value) VALUES (8, 9, '1');
INSERT INTO project_driver (id_driver, id_project, value) VALUES (9, 9, '3');
INSERT INTO project_driver (id_driver, id_project, value) VALUES (10, 9, '5');
INSERT INTO project_driver (id_driver, id_project, value) VALUES (11, 9, '4');
INSERT INTO project_driver (id_driver, id_project, value) VALUES (12, 9, '5');
INSERT INTO project_driver (id_driver, id_project, value) VALUES (1, 10, 'rM22bC0pR8b6');
INSERT INTO project_driver (id_driver, id_project, value) VALUES (2, 10, 'EVyNW6mWua7M');
INSERT INTO project_driver (id_driver, id_project, value) VALUES (3, 10, '61M0yivj3rE4');
INSERT INTO project_driver (id_driver, id_project, value) VALUES (4, 10, 'hx2jEKMryNBL');
INSERT INTO project_driver (id_driver, id_project, value) VALUES (5, 10, '4');
INSERT INTO project_driver (id_driver, id_project, value) VALUES (6, 10, '0');
INSERT INTO project_driver (id_driver, id_project, value) VALUES (7, 10, '3');
INSERT INTO project_driver (id_driver, id_project, value) VALUES (8, 10, '1');
INSERT INTO project_driver (id_driver, id_project, value) VALUES (9, 10, '1');
INSERT INTO project_driver (id_driver, id_project, value) VALUES (10, 10, '1');
INSERT INTO project_driver (id_driver, id_project, value) VALUES (11, 10, '5');
INSERT INTO project_driver (id_driver, id_project, value) VALUES (12, 10, '2');
INSERT INTO project_driver (id_driver, id_project, value) VALUES (1, 11, 'L8ZxKbqGuXpQ');
INSERT INTO project_driver (id_driver, id_project, value) VALUES (2, 11, 'hEClJsz8SZqD');
INSERT INTO project_driver (id_driver, id_project, value) VALUES (3, 11, 'cbwUQ3skvkzE');
INSERT INTO project_driver (id_driver, id_project, value) VALUES (4, 11, 'VvN8Yi4Vh3eA');
INSERT INTO project_driver (id_driver, id_project, value) VALUES (5, 11, '4');
INSERT INTO project_driver (id_driver, id_project, value) VALUES (6, 11, '0');
INSERT INTO project_driver (id_driver, id_project, value) VALUES (7, 11, '2');
INSERT INTO project_driver (id_driver, id_project, value) VALUES (8, 11, '1');
INSERT INTO project_driver (id_driver, id_project, value) VALUES (9, 11, '3');
INSERT INTO project_driver (id_driver, id_project, value) VALUES (10, 11, '3');
INSERT INTO project_driver (id_driver, id_project, value) VALUES (11, 11, '1');
INSERT INTO project_driver (id_driver, id_project, value) VALUES (12, 11, '5');
INSERT INTO project_driver (id_driver, id_project, value) VALUES (1, 12, 'wSCP3pqbTOHJ');
INSERT INTO project_driver (id_driver, id_project, value) VALUES (2, 12, 'o9JV6urjWjeG');
INSERT INTO project_driver (id_driver, id_project, value) VALUES (3, 12, '77QkkuUpKFrX');
INSERT INTO project_driver (id_driver, id_project, value) VALUES (4, 12, '3PF2hfVvkg1u');
INSERT INTO project_driver (id_driver, id_project, value) VALUES (5, 12, '4');
INSERT INTO project_driver (id_driver, id_project, value) VALUES (6, 12, '0');
INSERT INTO project_driver (id_driver, id_project, value) VALUES (7, 12, '3');
INSERT INTO project_driver (id_driver, id_project, value) VALUES (8, 12, '1');
INSERT INTO project_driver (id_driver, id_project, value) VALUES (9, 12, '1');
INSERT INTO project_driver (id_driver, id_project, value) VALUES (10, 12, '4');
INSERT INTO project_driver (id_driver, id_project, value) VALUES (11, 12, '3');
INSERT INTO project_driver (id_driver, id_project, value) VALUES (12, 12, '4');

COMMIT TRANSACTION;
PRAGMA foreign_keys = on;
